berlin chemnitz 6 BerlChem.JPG short
berlin dusseldorf 13 BerlDuss.JPG long
berlin erfurt 7 BerlErfu.JPG short
berlin frankfurt 14 BerlFran.JPG long
berlin koln 14 BerlKoln.JPG long
berlin leipzig 4 BerlLeip.JPG short
berlin mainz 15 BerlMain.JPG long
berlin munchen 15 BerlMunc.JPG long
berlin scheig 20 BerlSchw.JPG long
berlin stuttgart 18 BerlStut.JPG long
bremen berlin 10 BremBerl.JPG short
bremen dusseldorf 5 BremDuss.JPG short
bremerhaven franhreich 12 BremFran.JPG long
bremen kassel 6 BremKass.JPG short
bremerhaven koln 7 BremKoln.JPG short
bremerhaven regensburg 16 BremRege.JPG long
danemarh berlin 10 DaneBerl.JPG short
danemarch lindau 22 DaneLind.JPG long
danemarch niederlande 10 DaneNied.JPG short
dortmund erfurt 7 DortErfu.JPG short
dortmund magdeburg 9 DortMagd.JPG short
dortmund dannheim 6 DortMann.JPG short
dortmund munchen 13 DortMunc.JPG long
dresden augsburg 12 DresAugs.JPG long
dresden saarbrucken 16 DresSaar.JPG long
dusseldorf konstanz 10 DussKons.JPG short
emden freiburg 15 EmdeFrei.JPG long
emden hamburg 6 EmdeHamb.JPG short
emden osterreich 19 EmdeOste.JPG long
erfurt wurzburg 6 ErfuWurz.JPG short
franbreich danemach 17 FranDane.JPG long
frankfurt munchen 9 FrankfMunc.JPG short
franbreich munchen 8 FrankrMunc.JPG short
franbreich leipzig 15 FranLeip.JPG long
frankfurt lindau 8 FranLind.JPG short
frankfurt osterreich 10 FranOste.JPG short
frankfurt stuttgart 4 FranStut.JPG short
hamburg berlin 7 HambBerl.JPG short
hamburg dresden 12 HambDres.JPG long
hamburg frankfurt 11 HambFran.JPG short
hamburg kalsrushe 14 HambKarl.JPG long
hamburg kassel 7 HambKass.JPG short
hamburg koblenz 10 HambKobl.JPG short
hamburg koln 9 HambKoln.JPG short
hamburg leipzig 10 HambLeip.JPG short
hamburg munchen 18 HambMunc.JPG long
hamburg rostock 4 HambRost.JPG  short
hamburg stuttgart 15 HambStut.JPG long
hannover frankfurt 7 HannFran.JPG short
hannover leipzig 6 HannLeip.JPG short
hannover saarbrucken 11 HannSaar.JPG short
karlsruhe augsburg 4 KarlAugs.JPG short
kalsruhe regensburg 9 KarlRege.JPG short
kassel freiburg 10 KassFrei.JPG short
kiel nurnberg 15 KielNurn.JPG long
kiel scheig 20 KielSchw.JPG long
kiel stuttgart 17 KielStut.JPG long
koblenz ulm 7 KoblUlm.JPG short
koln frankfurt 4 KolnFran.JPG short
koln leipzig 12 KolnLeip.JPG long
koln munchen 11 KolnMunc.JPG short
koln nurnberg 8 KolnNurn.JPG short
koln regensburg 11 KolnRege.JPG short
koln saarbrucken 4 KolnSaar.JPG short
koln schweig 10 KolnSchw.JPG short
leipzig munchen 11 LeipMunc.JPG short
leipzig stuttgart 14 LeipStut.JPG long
leipzig ulm 12 LeipUlm.JPG long
leipzig frankfurt 10 LiepFran.JPG short
leipzig nurnberg 7 LiepNurn.JPG short
magdeburg koln 11 MagdKoln.JPG short
mainz stuttgart 3 MainStut.JPG short
mannheim stuttgart 2 MannStut.JPG short
mannheim wurzburg 4 MannWurz.JPG short
munchen freiburg 8 MuncFrei.JPG short
munchen konstanz 6 MuncKons.JPG short
munchen stuttgart 5 MuncStut.JPG short
munchen wurzburg 7 MuncWurz.JPG short
munster munchen 14 MunsMunc.JPG long
munster osterreich 15 MunsOste.JPG long
munster stuttgart 9 MunsStut.JPG short
niederlande berlin 13 NiedBerl.JPG long
niederlande frankfurt 8 NiedFran.JPG short
niederlande karlsruche 13 NiedKarl.JPG long
nurnberg stuttgart 7 NurnStut.JPG short
Rostock Konstanz 22 RostKons.JPG long
Rostock Osterreich 22 RostOste.JPG long
Schwerin Koblenz 12 SchKob.JPG long
Schwerin Frankfurt 13 SchwFran.JPG long




